<?xml version="1.0" encoding="UTF-8" ?>
<!DOCTYPE mapper
  PUBLIC "-//mybatis.org//DTD Mapper 3.0//EN"
  "http://mybatis.org/dtd/mybatis-3-mapper.dtd">
  
<mapper namespace="com.uu.ssm.dao.UserDao">
	<resultMap type="map" id="base">
		<id property="ID" column="ID"/>
		<result property="username" column="username"/>
		<result property="password" column="password"/>
		<result property="enable" column="enable"/>
		<result property="createTime" column="create_time"/>
		<result property="descrip" column="descrip"/>
		<result property="endTime" column="end_time"/>
	</resultMap>
	
	<select id="find" parameterType="user" resultMap="base">
		select * from user
		<where>
			<if test="ID!=null"> and ID=#{ID}</if>
			<if test="username!=null"> and username=#{username}</if>
		</where>
	</select>
</mapper>
  
