<?xml version="1.0" encoding="UTF-8" ?>
<!DOCTYPE mapper
        PUBLIC "-//mybatis.org//DTD Mapper 3.0//EN"
        "http://mybatis.org/dtd/mybatis-3-mapper.dtd">

<mapper namespace="com.springboot.ssm.dao.UserDao">
    <resultMap type="map" id="base">
        <id property="id" column="Id"/>
        <result property="username" column="username"/>
        <result property="password" column="password"/>
        <result property="enable" column="enable"/>
        <result property="createTime" column="create_time"/>
    </resultMap>

    <select id="findAlls" resultMap="base">
        select * from user
    </select>
</mapper>